Date,Topic,Tactical Tip Source,"The Headache"
2026-03-06,The Hidden Deduction Hunt,https://ambrook.com/education/taxes/farm-tax-deduction-checklist,Overpaying because of missed minor expenses.
2026-03-13,The Receipt Audit,https://ambrook.com/education/accounting-basics/five-reasons-to-hold-onto-receipts,Scrambling to find proof for the CPA.
2026-03-20,Wages & Benefits Strategy,https://ambrook.com/education/taxes/deducting-wages-benefits-meals-and-travel,Miscategorizing labor costs and missing payroll-related tax breaks.
2026-03-27,The Schedule F Deep Dive,https://ambrook.com/education/taxes/reporting-income-on-schedule-f-form-1040,Confusion on how different income types (livestock vs. crops) are reported.
2026-04-03,Last-Minute Misses,https://ambrook.com/education/taxes/8-easy-to-miss-tax-deductions-for-farmers-in-2025,The "did I forget something?" anxiety before the deadline.
2026-04-10,The Audit-Proof Mileage Log,https://ambrook.com/education/taxes/irs-mileage-log-template,Fear of vehicle expense claims being rejected by the IRS.
2026-04-17,Accounting Beyond Taxes,https://ambrook.com/education/reports/farm-ranch-accounting-taxes-reports-financial-analysis,Treating bookkeeping as a chore for the IRS rather than a tool for you.
2026-04-24,The Cash Flow Budget,https://ambrook.com/education/reports/what-is-a-cash-flow-budget,Running out of cash mid-season despite being "profitable."
2026-05-01,Grant Hunting Strategy,https://ambrook.com/education/funding-education/5-steps-to-finding-the-right-grant-for-your-farm,Spending hours on applications that don't fit your operation.
2026-05-08,Invoicing Efficiency,https://ambrook.com/education/ar-ap/how-to-make-invoicing-more-efficient,Slow payments and "losing" invoices in a paper trail.
2026-05-15,The Dry Spell Test,https://ambrook.com/education/balance-sheets/what-is-a-balance-sheet,Not knowing if your operation is solvent enough to survive a bad year.
2026-05-22,Unit Economics: Cost of Production,https://ambrook.com/education/managerial-accounting/cost-of-production-cow-calf,Selling livestock without knowing the true cost per head.
2026-05-29,Summer Inventory Management,https://ambrook.com/education/managerial-accounting/feed-inventory-management,Losing money to waste or ordering supplies you already have.
